Year,DoY,Hour,Rg_f,VPD_f,rH_f,Tair_f,Tsoil_f,Ustar,NEE_f,LE_f,H_f,Reco,GPP_f
2015,1,24,15.06,10.47,23.90,11.39,13.35,0.44,-1.04,2.16,0.41,2.17,2.95
2015,2,24,15.07,9.19,25.04,9.76,12.07,0.41,-0.76,1.27,1.59,1.95,2.61
2015,3,24,15.22,11.07,21.88,11.48,11.72,0.29,-1.05,1.22,1.52,2.20,2.79
2015,4,24,15.18,11.31,28.00,13.35,12.00,0.42,-1.28,1.30,1.24,2.47,3.02
2015,5,24,15.16,10.65,39.92,15.23,12.84,0.29,-2.44,0.98,1.75,2.72,4.07
2015,6,24,13.52,7.93,57.96,15.39,13.55,0.25,-2.66,0.72,1.34,2.74,4.74
2015,7,24,7.96,9.59,53.54,17.56,14.53,0.23,-1.84,0.89,0.55,3.05,4.34
2015,8,24,8.48,9.62,51.59,17.27,15.35,0.16,-2.75,0.84,0.71,2.99,5.01
2015,9,24,14.50,10.57,45.99,16.73,15.40,0.24,-3.92,1.39,1.89,2.91,5.60
2015,10,24,13.71,11.36,45.21,17.39,15.29,-5624.37,-3.82,1.35,1.64,3.00,5.67
2015,11,24,10.08,8.21,60.58,17.41,15.17,-9999.00,-3.72,0.80,0.92,2.99,5.88
2015,12,24,13.15,5.02,76.32,17.56,15.97,-9999.00,-2.50,1.07,1.58,3.00,5.71
2015,13,24,11.75,3.31,83.07,15.49,15.30,-9999.00,-2.99,1.03,1.43,2.68,5.67
2015,14,24,13.36,6.21,68.53,15.51,15.03,-9999.00,-3.76,1.19,1.66,2.67,6.44
2015,15,24,14.82,10.95,42.35,15.83,13.96,-1457.95,-3.33,0.93,1.62,2.73,5.70
2015,16,24,8.96,9.28,50.72,16.27,14.60,0.20,-3.66,0.61,0.76,2.77,6.50
2015,17,24,12.30,8.28,55.98,16.36,15.36,0.21,-2.33,0.83,1.53,2.77,5.09
2015,18,24,15.16,7.23,66.37,16.84,15.86,0.23,-2.06,1.27,1.76,2.84,4.93
2015,19,24,15.79,8.30,62.02,16.95,15.93,0.22,-2.16,1.44,1.93,2.85,5.13
2015,20,24,15.30,8.21,58.15,16.82,16.26,0.22,-3.04,1.61,2.41,2.81,5.98
2015,21,24,16.12,11.92,39.18,16.98,16.17,0.29,-1.36,1.42,1.77,2.84,4.38
2015,22,24,16.73,11.08,45.79,16.38,16.25,0.48,-1.53,2.43,0.79,2.74,4.65
2015,23,24,14.42,13.69,25.02,14.79,15.11,0.38,-2.19,1.94,0.74,2.54,5.32
2015,24,24,7.92,10.86,33.66,14.03,14.69,0.17,-1.14,1.23,0.38,2.51,3.81
2015,25,24,8.02,10.18,46.83,16.82,15.12,0.19,-1.73,0.72,0.86,3.00,4.95
2015,26,24,6.66,9.61,53.94,18.10,15.97,0.20,1.63,1.13,0.01,3.34,1.95
2015,27,24,9.84,9.27,55.49,18.05,16.11,0.38,-0.92,0.80,1.51,3.89,4.82
2015,28,24,4.63,9.16,57.40,18.67,16.92,0.39,1.05,0.49,0.45,4.48,3.51
2015,29,24,6.14,7.79,64.99,19.14,17.28,0.32,1.68,0.89,0.51,4.58,2.81
2015,30,24,3.48,3.93,83.13,18.06,17.42,0.23,0.68,1.03,0.19,4.29,3.09
2015,31,24,15.47,8.30,62.11,18.74,17.64,0.34,0.69,2.60,1.17,4.39,3.56
2015,32,24,17.16,6.75,67.87,17.05,17.27,0.31,-0.10,1.32,2.39,3.99,3.84
2015,33,24,17.22,6.76,69.50,17.54,17.31,0.25,-0.96,1.25,2.28,4.05,4.77
2015,34,24,17.27,7.98,64.44,18.18,17.55,0.22,0.02,1.56,2.52,4.14,3.73
2015,35,24,17.75,9.92,54.88,17.73,17.62,0.24,0.32,1.97,2.09,4.01,3.75
2015,36,24,17.81,8.73,60.53,18.15,17.84,0.24,-1.22,1.40,2.66,4.04,5.08
2015,37,24,18.12,11.08,55.65,18.91,17.99,0.21,1.62,1.71,2.19,4.16,1.61
2015,38,24,18.55,10.77,53.26,18.34,18.08,0.23,-1.28,1.37,2.18,3.99,5.19
2015,39,24,18.47,6.76,68.41,17.50,17.82,-5832.69,-2.46,1.62,2.63,3.77,6.01
2015,40,24,18.69,5.78,75.15,18.01,17.78,-9999.00,-1.27,1.75,2.60,3.82,5.66
2015,41,24,17.10,7.11,71.81,18.98,17.47,-9999.00,-1.54,1.77,2.20,3.96,5.34
2015,42,24,18.87,5.42,76.91,18.03,17.73,-9999.00,-2.03,1.80,2.62,3.72,5.77
2015,43,24,18.73,12.64,51.84,19.99,17.31,-9999.00,-1.35,1.73,2.24,4.06,5.26
2015,44,24,18.56,14.79,45.79,21.49,17.68,-9999.00,-1.82,2.17,1.95,4.28,6.25
2015,45,24,11.28,5.25,77.43,19.34,18.67,-9999.00,-0.71,1.92,1.11,3.81,4.86
2015,46,24,13.15,7.85,69.04,20.39,19.72,-3749.42,-2.98,2.66,1.06,3.96,7.19
2015,47,24,18.14,11.69,53.34,20.75,20.00,0.24,-2.63,2.16,2.46,3.97,6.77
2015,48,24,19.25,12.81,50.57,20.83,19.70,0.31,-2.18,2.49,2.04,3.94,6.25
2015,49,24,18.76,9.94,59.04,19.85,19.54,0.33,-3.83,1.90,2.34,3.70,7.06
2015,50,24,20.06,10.18,56.26,19.15,19.19,0.21,-3.44,2.23,2.56,3.53,6.53
2015,51,24,10.89,14.78,40.74,20.87,19.21,0.28,-1.96,2.64,0.30,3.78,5.39
2015,52,24,13.45,13.25,46.03,20.81,19.46,0.41,-3.32,2.33,0.60,3.71,6.82
2015,53,24,18.74,14.07,40.78,19.88,19.68,0.23,-3.41,2.62,2.23,3.57,6.65
2015,54,24,20.32,14.61,37.67,19.41,19.55,0.26,-3.32,2.30,2.41,3.82,6.29
2015,55,24,20.54,13.24,34.98,17.58,18.49,0.57,-3.81,2.05,2.22,3.78,6.27
2015,56,24,21.15,13.99,30.51,16.81,16.79,0.36,-1.67,1.62,2.53,3.97,5.25
2015,57,24,21.56,13.99,34.10,17.69,16.72,0.22,-0.47,1.89,2.95,4.48,4.84
2015,58,24,21.22,13.45,41.34,19.34,17.64,0.43,-1.93,2.14,2.70,5.16,6.33
2015,59,24,20.94,14.13,43.78,21.00,19.11,0.52,-1.98,2.84,2.27,5.93,7.93
2015,60,24,18.82,13.65,47.12,21.54,19.83,0.61,-2.37,3.17,1.98,6.22,8.60
2015,61,24,7.10,10.85,55.33,20.26,19.67,0.49,0.28,2.17,0.22,5.76,5.42
2015,62,24,21.11,14.38,32.90,18.30,18.87,0.35,-3.94,2.62,2.67,5.14,8.82
2015,63,24,19.61,10.02,52.31,17.06,18.41,0.36,-2.90,2.34,2.40,4.74,7.60
2015,64,24,22.25,14.03,36.79,18.46,17.98,0.37,-2.66,2.07,2.69,5.01,7.58
2015,65,24,22.39,13.32,41.81,18.79,18.30,0.31,-2.66,1.92,2.95,4.99,7.70
2015,66,24,13.34,12.16,41.83,17.87,18.12,0.19,-3.58,1.06,1.61,4.67,8.25
2015,67,24,22.56,14.72,33.70,18.25,17.94,0.27,-2.63,2.04,3.12,4.70,7.09
2015,68,24,23.03,16.91,29.29,19.41,18.32,0.28,-1.93,2.30,2.94,4.88,6.68
2015,69,24,22.95,15.86,35.56,19.75,18.49,0.28,-1.76,2.00,3.07,4.85,6.32
2015,70,24,22.51,14.87,46.60,21.14,18.80,-3749.45,-2.33,2.43,2.57,5.06,7.25
2015,71,24,20.43,8.81,68.84,20.95,19.74,-9999.00,-2.83,1.97,2.70,4.88,7.63
2015,72,24,22.68,9.38,65.45,20.76,20.05,-9999.00,-4.02,2.41,3.03,4.74,8.68
2015,73,24,23.08,23.93,36.47,24.68,20.06,-3541.02,0.48,2.96,1.42,5.54,4.98
2015,74,24,23.37,30.74,13.82,26.53,20.77,0.49,-0.30,4.06,1.33,5.79,6.02
2015,75,24,23.27,19.97,30.30,22.76,21.00,0.26,-1.17,3.32,2.88,4.84,5.59
2015,76,24,17.82,15.01,45.51,22.75,21.19,0.57,-3.26,2.79,1.59,4.71,7.86
2015,77,24,13.38,13.53,52.21,23.10,21.12,0.46,-4.06,2.28,1.01,5.02,8.95
2015,78,24,23.16,17.03,39.61,22.84,21.21,0.35,-4.38,3.17,2.22,4.97,9.14
2015,79,24,24.10,16.03,38.82,21.04,20.85,0.34,-3.49,3.10,2.51,4.56,7.63
2015,80,24,24.04,14.47,47.43,21.70,21.17,0.30,-4.26,3.04,2.94,4.65,8.28
2015,81,24,24.49,19.13,34.51,22.40,21.46,0.26,-6.21,3.06,2.17,4.79,11.03
2015,82,24,24.89,18.12,31.98,21.46,21.68,0.32,-6.24,3.10,3.00,4.54,11.13
2015,83,24,25.32,18.81,30.74,21.40,21.39,0.26,-6.13,3.18,2.90,4.51,10.94
2015,84,24,24.77,17.50,33.15,21.40,21.00,0.31,-6.09,2.77,3.21,4.45,10.83
2015,85,24,24.81,15.92,43.45,22.01,21.22,0.28,-4.59,2.87,3.48,4.54,9.72
2015,86,24,25.09,15.65,44.90,22.41,21.30,0.27,-5.22,2.25,3.57,4.58,10.14
2015,87,24,25.15,21.40,34.08,23.95,21.58,0.27,-4.40,2.83,3.00,4.86,9.85
2015,88,24,20.80,20.63,34.36,24.26,22.29,0.25,-3.48,2.72,2.20,4.87,7.68
2015,89,24,23.97,19.26,41.52,25.25,23.48,0.42,-1.50,3.60,2.49,5.02,6.92
2015,90,24,21.52,17.89,47.03,25.61,24.11,0.39,-1.94,3.56,2.16,4.53,6.57
2015,91,24,25.62,17.97,43.84,24.79,23.81,0.35,-2.82,3.78,2.76,4.18,7.11
2015,92,24,24.90,18.57,35.34,22.99,22.94,0.26,-7.78,3.16,2.92,4.21,12.14
2015,93,24,20.49,17.05,34.75,21.50,22.07,0.29,-7.62,2.55,2.25,4.26,11.09
2015,94,24,23.66,14.44,50.72,22.75,22.21,0.25,-5.84,2.90,2.79,4.82,11.36
2015,95,24,24.06,19.15,31.20,22.34,22.45,0.25,-5.70,3.53,2.75,5.06,11.68
2015,96,24,26.93,23.35,21.20,23.35,22.31,0.32,-3.27,3.66,3.20,5.62,9.01
2015,97,24,26.33,20.96,24.63,22.07,21.88,-207.98,-4.23,2.84,3.20,5.66,9.80
2015,98,24,27.27,15.51,40.43,21.15,22.08,0.51,-4.97,3.17,3.29,5.69,10.73
2015,99,24,24.56,17.01,32.56,20.97,21.52,0.29,-4.61,2.60,3.48,5.95,10.62
2015,100,24,22.41,18.95,28.78,21.51,20.98,0.24,-3.61,1.76,3.10,6.44,10.02
2015,101,24,13.12,16.18,36.98,21.38,20.22,0.47,-0.16,2.32,0.93,6.66,6.84
2015,102,24,26.42,15.91,40.56,21.96,21.27,0.40,-2.68,3.06,4.04,7.04,9.62
2015,103,24,26.64,18.07,36.26,22.47,21.88,0.29,-2.80,2.87,3.79,7.46,10.24
2015,104,24,26.76,21.21,31.16,24.18,22.68,0.29,-2.56,3.46,3.70,8.26,10.81
2015,105,24,26.81,17.16,40.87,23.42,22.63,0.45,-3.58,3.35,3.17,8.13,11.65
2015,106,24,28.13,18.74,30.59,21.57,21.90,0.57,-4.28,4.11,2.10,7.33,11.66
2015,107,24,28.36,19.39,26.22,21.25,20.81,0.36,-4.10,3.39,2.82,7.02,11.12
2015,108,24,28.41,19.68,29.22,21.57,20.98,0.29,-3.98,3.66,2.80,6.92,10.91
2015,109,24,28.06,23.27,15.90,22.35,21.26,0.24,-3.89,4.08,2.98,6.94,10.87
2015,110,24,27.71,22.96,19.48,22.87,21.65,0.26,-3.25,4.04,3.17,6.86,10.16
2015,111,24,27.91,18.81,30.63,22.01,21.97,0.27,-4.51,3.70,3.62,6.37,10.90
2015,112,24,27.81,18.62,27.88,21.07,21.43,0.25,-4.25,3.46,3.87,5.90,10.16
2015,113,24,27.89,17.03,32.34,20.88,21.49,0.34,-4.03,3.52,3.96,5.61,9.71
2015,114,24,27.86,16.76,34.24,21.07,21.45,0.31,-3.77,3.02,4.51,5.45,9.37
2015,115,24,28.35,18.17,31.81,21.73,20.85,0.31,-1.95,2.71,4.03,5.41,7.37
2015,116,24,25.50,18.26,31.55,22.03,21.19,0.45,-2.29,2.58,3.75,5.25,7.53
2015,117,24,28.67,20.42,26.71,22.50,20.64,0.42,-1.78,2.49,4.28,5.15,6.92
2015,118,24,28.11,19.72,36.38,23.76,21.34,0.28,-1.12,3.17,4.15,5.20,6.17
2015,119,24,28.53,20.63,35.73,24.47,22.46,0.32,-1.40,3.76,3.78,5.12,6.36
2015,120,24,28.55,26.29,27.64,26.34,22.81,0.30,-1.43,3.83,2.29,5.25,6.52
2015,121,24,28.36,20.77,40.06,26.20,23.33,-207.85,-2.39,4.33,2.45,4.94,7.13
2015,122,24,28.50,19.12,45.12,26.27,23.35,0.44,-3.09,4.32,2.92,4.66,7.57
2015,123,24,28.11,17.39,46.75,25.36,24.18,0.43,-4.39,4.16,3.18,3.54,7.73
2015,124,24,27.57,17.46,39.64,23.28,24.16,0.33,-4.41,4.24,3.48,3.16,7.49
2015,125,24,28.59,17.09,40.11,22.92,23.73,0.25,-4.45,3.86,3.99,3.13,7.63
2015,126,24,28.81,16.93,37.07,21.90,23.68,0.33,-5.31,4.11,3.73,2.99,8.48
2015,127,24,28.00,16.24,35.95,21.15,23.16,0.30,-5.64,4.02,3.98,2.90,8.66
2015,128,24,28.82,17.79,29.27,20.82,22.50,0.36,-5.01,3.37,3.90,2.86,7.92
2015,129,24,29.35,17.86,30.52,20.97,22.05,0.47,-3.82,3.15,3.88,2.90,6.76
2015,130,24,29.66,17.83,33.81,21.84,22.10,0.41,-3.12,2.94,4.11,3.03,6.15
2015,131,24,26.31,19.23,38.34,23.90,22.91,0.26,-3.03,3.12,3.38,3.32,6.36
2015,132,24,13.54,18.91,38.24,24.37,22.73,0.42,-2.04,2.83,0.26,3.38,5.52
2015,133,24,26.72,17.61,42.50,24.41,22.98,0.48,-5.67,3.67,3.61,3.39,9.12
2015,134,24,24.98,17.40,34.78,22.09,22.67,0.44,-6.10,3.72,2.89,3.07,9.23
2015,135,24,29.12,17.94,31.89,21.55,21.92,0.35,-4.99,3.43,3.40,3.01,8.05
2015,136,24,29.32,18.02,33.75,22.12,22.19,0.37,-5.11,3.35,3.46,3.09,8.27
2015,137,24,29.43,19.95,31.99,23.10,22.46,0.28,-4.57,3.64,3.07,3.25,7.87
2015,138,24,29.36,21.38,26.90,23.37,22.80,0.32,-4.47,4.40,3.03,3.29,7.66
2015,139,24,29.88,20.38,32.04,23.50,23.00,0.31,-4.48,3.74,3.34,3.32,7.86
2015,140,24,29.54,21.51,31.10,24.07,23.27,0.32,-4.03,4.47,2.94,3.41,7.46
2015,141,24,29.78,20.02,30.40,23.19,23.51,0.33,-4.73,4.40,4.23,3.28,8.12
2015,142,24,28.52,19.38,28.59,22.03,22.73,0.41,-4.75,3.37,3.60,3.13,8.06
2015,143,24,29.60,18.42,31.68,22.09,22.76,-207.96,-4.81,3.41,4.26,3.14,8.05
2015,144,24,29.68,18.88,34.04,22.74,22.20,0.30,-2.25,3.42,4.43,3.25,5.58
2015,145,24,29.60,19.64,34.85,23.56,22.45,0.32,-1.66,3.19,4.28,3.38,5.18
2015,146,24,29.77,21.81,32.03,24.90,22.78,0.29,-0.67,3.31,4.84,3.58,4.25
2015,147,24,29.72,21.13,36.55,25.37,23.42,0.30,-0.12,3.92,4.62,3.66,3.78
2015,148,24,29.61,21.15,36.57,25.55,23.83,0.28,0.17,3.97,4.73,3.69,3.51
2015,149,24,29.79,21.91,37.92,26.50,23.64,0.29,-0.56,3.97,3.82,3.84,4.40
2015,150,24,28.89,31.14,28.29,29.56,24.31,0.28,0.77,4.38,2.72,4.33,3.56
2015,151,24,29.10,36.00,27.04,31.56,25.26,0.29,0.92,4.30,2.17,4.66,3.74
2015,152,24,29.42,28.95,33.50,29.89,26.02,0.27,-0.91,4.40,2.35,4.40,5.30
2015,153,24,29.13,33.27,30.51,30.72,26.36,0.26,0.47,4.95,2.14,4.55,4.08
2015,154,24,29.24,41.70,18.46,32.03,26.70,0.26,-0.73,5.06,1.48,4.77,5.49
2015,155,24,14.91,37.41,16.32,30.66,26.03,0.32,-1.91,4.12,-0.20,4.55,6.44
2015,156,24,22.89,26.74,36.20,29.38,26.60,0.25,-2.50,4.40,1.94,4.35,6.85
2015,157,24,28.49,24.11,42.80,29.04,27.35,0.27,-1.19,5.24,2.74,4.31,5.50
2015,158,24,19.88,21.87,45.41,28.63,27.09,0.26,-3.03,4.44,1.65,4.25,7.28
2015,159,24,8.79,15.84,62.01,29.05,27.34,0.31,-1.65,3.76,-0.03,4.32,5.60
2015,160,24,22.26,14.47,61.51,27.52,27.34,0.51,0.45,5.06,2.38,4.09,3.65
2015,161,24,29.31,20.21,48.05,27.92,27.57,0.38,-3.04,4.37,3.75,4.16,7.21
2015,162,24,30.41,31.02,29.53,29.29,27.03,0.33,-3.72,5.15,2.07,4.41,8.12
2015,163,24,30.57,28.09,23.18,27.02,25.69,0.27,-2.50,4.86,2.50,4.05,6.55
2015,164,24,29.86,23.74,33.46,27.05,25.45,-208.04,-3.29,4.39,3.00,4.06,7.36
2015,165,24,29.92,22.89,38.71,27.61,25.88,0.29,-3.31,4.38,3.00,4.15,7.47
2015,166,24,29.17,24.35,42.45,29.43,26.72,0.27,-2.42,4.82,2.21,4.46,6.89
2015,167,24,28.78,23.30,44.37,29.65,27.31,0.32,-2.99,4.22,2.58,4.50,7.51
2015,168,24,28.79,26.08,42.18,30.94,28.09,0.32,-2.77,5.12,2.72,4.73,7.53
2015,169,24,28.57,22.10,52.26,31.36,29.04,0.46,-2.35,5.42,2.48,4.80,7.25
2015,170,24,28.53,22.55,51.03,31.25,29.49,0.50,-1.77,5.69,2.20,4.80,6.62
2015,171,24,28.86,23.68,49.73,31.84,29.62,0.79,-2.44,6.34,2.13,4.90,7.34
2015,172,24,28.08,24.07,48.86,31.78,29.69,0.69,-3.29,5.61,2.61,4.90,8.17
2015,173,24,25.95,24.52,48.72,32.05,30.07,0.45,-1.67,5.25,3.08,4.96,6.64
2015,174,24,27.99,30.60,39.36,32.82,30.49,0.37,-0.19,5.89,2.88,5.11,5.31
2015,175,24,27.77,29.16,42.49,33.12,30.39,0.72,-1.04,6.60,1.99,5.17,6.21
2015,176,24,24.37,25.39,47.17,32.17,30.07,0.60,-1.07,5.50,1.63,5.01,6.09
2015,177,24,18.19,23.12,48.56,30.86,28.81,0.31,-0.26,4.15,1.59,4.80,5.14
2015,178,24,27.19,29.41,42.01,32.87,28.86,0.42,-1.42,5.38,2.41,5.16,6.58
2015,179,24,17.78,23.08,50.91,31.71,28.67,-5832.60,-1.76,4.40,0.95,4.96,6.59
2015,180,24,22.85,18.97,58.83,31.37,29.22,-9999.00,-1.24,4.68,2.07,4.92,6.04
2015,181,24,23.95,15.87,62.35,29.26,28.95,-9999.00,-0.85,5.37,1.77,4.57,5.37
2015,182,24,27.86,16.87,60.00,29.68,29.15,-9999.00,-1.32,6.62,2.07,4.65,5.82
2015,183,24,26.83,16.71,62.95,30.40,29.87,-9999.00,-1.53,6.51,1.63,4.78,6.14
2015,184,24,24.50,21.84,54.19,31.69,30.39,-9999.00,-1.63,4.88,2.17,5.02,6.77
2015,185,24,17.21,17.72,59.93,30.69,29.98,-9999.00,-0.43,5.11,0.27,4.85,5.39
2015,186,24,27.57,15.40,66.78,31.26,30.56,-9999.00,-1.18,6.27,1.61,4.96,6.39
2015,187,24,27.94,15.46,65.84,30.93,31.16,-9999.00,-2.13,5.69,2.44,4.91,7.31
2015,188,24,27.98,21.26,55.43,31.48,31.38,-9999.00,-2.07,5.18,2.48,5.02,7.24
2015,189,24,28.56,26.89,45.36,32.32,30.96,-1457.58,-2.76,6.74,2.59,5.18,7.90
2015,190,24,28.75,26.03,44.39,31.66,30.31,0.60,-3.23,5.90,2.69,5.08,8.51
2015,191,24,28.57,26.19,42.00,30.99,29.31,0.48,-3.31,5.96,2.45,4.97,8.44
2015,192,24,28.56,28.42,37.44,30.96,28.61,0.29,-3.27,4.44,2.49,4.98,8.35
2015,193,24,27.72,34.22,31.30,32.34,28.65,0.26,-3.59,5.38,1.85,5.23,9.16
2015,194,24,21.73,37.05,30.81,33.63,29.14,0.27,-3.58,4.83,0.62,5.47,9.19
2015,195,24,25.56,30.00,39.06,32.71,29.03,0.42,-2.22,4.60,1.30,5.32,7.59
2015,196,24,26.20,27.68,43.77,32.65,29.34,0.67,-2.48,5.97,0.99,5.31,7.79
2015,197,24,26.51,25.84,48.90,33.05,29.82,0.46,-3.20,5.45,1.84,5.40,8.69
2015,198,24,20.94,25.34,48.14,32.53,30.03,0.69,-3.13,7.01,0.54,5.31,8.44
2015,199,24,26.36,23.05,52.44,32.34,30.32,0.53,-3.78,5.17,2.35,5.29,9.16
2015,200,24,26.16,11.20,74.66,30.12,30.44,0.34,-0.86,6.17,2.34,4.91,5.94
2015,201,24,28.21,21.31,54.66,31.44,30.99,0.41,-1.19,4.90,3.20,5.15,6.30
2015,202,24,28.42,23.11,52.78,31.79,31.06,0.38,-0.19,6.25,2.65,5.23,5.34
2015,203,24,28.13,21.52,56.85,32.76,31.14,0.77,-0.22,6.85,2.60,5.41,5.63
2015,204,24,19.44,21.67,54.38,32.02,30.84,0.55,-0.20,4.42,1.53,5.29,5.48
2015,205,24,26.11,23.55,52.33,32.51,31.03,0.34,0.18,4.93,3.37,5.39,5.30
2015,206,24,26.71,29.41,44.47,33.32,30.59,0.35,0.15,4.73,3.13,5.55,5.41
2015,207,24,17.75,16.19,63.87,31.01,29.26,0.54,-2.04,5.09,0.35,5.30,7.34
2015,208,24,25.73,23.79,51.63,32.56,28.98,0.65,-0.29,6.28,1.40,5.91,6.19
2015,209,24,27.65,24.06,52.05,32.91,29.17,0.58,-1.32,5.84,1.98,5.91,7.23
2015,210,24,26.72,18.47,61.66,31.94,29.39,0.40,-1.14,5.58,2.12,5.56,6.72
2015,211,24,27.35,24.40,53.34,33.10,30.11,0.27,-0.45,4.79,2.15,5.62,6.04
2015,212,24,26.69,31.09,45.24,34.13,30.84,0.33,-1.24,5.12,1.74,5.64,6.83
2015,213,24,27.09,26.05,51.81,33.69,31.31,-208.03,-1.14,5.80,2.25,5.39,6.48
2015,214,24,27.38,23.20,55.28,33.45,31.67,0.42,-0.74,6.56,2.18,5.18,5.65
2015,215,24,25.22,24.76,52.54,33.55,31.73,0.51,-1.57,6.28,2.11,5.03,6.53
2015,216,24,25.25,26.07,51.25,34.06,32.01,0.51,-1.74,6.31,2.30,4.96,6.64
2015,217,24,21.52,21.26,59.56,33.71,31.87,0.44,-0.35,5.66,2.25,4.83,5.14
2015,218,24,24.07,28.50,47.96,34.42,32.29,0.47,0.26,7.26,2.09,5.13,4.84
2015,219,24,25.15,22.31,57.06,33.56,31.57,0.72,0.28,5.89,2.29,5.24,4.96
2015,220,24,25.57,28.14,45.00,33.10,30.35,0.38,-0.06,5.49,1.87,5.46,5.44
2015,221,24,25.22,27.14,45.98,32.46,29.21,0.47,-1.67,5.13,1.79,5.72,7.55
2015,222,24,25.80,23.68,52.37,32.78,29.27,0.40,-0.92,4.70,2.35,6.15,7.28
2015,223,24,11.45,24.66,50.64,32.91,29.58,0.33,-0.14,3.53,-0.08,6.56,6.71
2015,224,24,24.53,27.32,47.86,33.59,29.79,0.32,-1.13,5.14,2.19,7.10,8.26
2015,225,24,24.46,25.23,54.39,33.88,30.58,0.34,-1.98,5.36,2.06,7.57,9.59
2015,226,24,25.33,25.71,52.93,34.00,30.91,0.30,-0.29,5.65,1.85,7.99,8.34
2015,227,24,23.75,25.25,53.00,33.69,31.52,0.48,-1.11,5.79,1.19,8.29,9.48
2015,228,24,24.15,16.26,67.71,32.38,30.70,0.55,-1.37,5.96,1.51,8.17,9.54
2015,229,24,15.34,14.20,69.38,30.69,29.62,0.51,-1.54,5.82,-0.36,7.15,8.72
2015,230,24,25.66,22.71,54.42,32.45,30.37,0.31,-0.50,5.60,2.57,6.89,7.46
2015,231,24,25.72,24.98,49.71,32.69,30.89,0.55,-0.58,6.68,1.49,6.36,6.96
2015,232,24,25.85,21.28,57.85,33.03,30.95,0.64,-1.00,5.63,2.08,5.87,6.88
2015,233,24,25.27,22.23,55.94,33.07,30.92,0.67,-0.23,5.73,1.76,5.41,5.65
2015,234,24,25.71,23.59,54.14,33.28,30.93,0.57,0.78,5.77,1.85,5.31,4.49
2015,235,24,24.92,24.89,51.58,34.64,31.47,-207.96,0.47,4.65,2.42,5.42,5.07
2015,236,24,14.91,24.38,51.12,35.33,30.24,0.33,0.41,3.61,0.50,5.41,4.95
2015,237,24,22.54,25.65,49.28,35.21,29.58,0.37,-1.55,4.84,1.61,5.30,6.85
2015,238,24,25.75,24.16,54.59,36.02,29.86,0.30,-1.53,4.56,2.21,5.47,6.95
2015,239,24,18.33,23.95,53.32,35.85,30.55,0.34,-1.28,4.75,0.51,5.47,6.73
2015,240,24,23.90,23.87,52.82,35.63,30.67,0.26,-0.98,4.51,1.73,5.47,6.39
2015,241,24,24.77,27.23,49.73,36.49,31.00,0.28,-0.50,5.59,1.19,5.66,6.09
2015,242,24,25.75,25.16,53.53,37.10,31.62,0.45,-1.40,6.38,1.42,5.80,7.13
2015,243,24,24.70,25.52,51.01,36.46,31.49,0.63,-1.58,7.08,0.81,5.89,7.22
2015,244,24,23.50,24.58,50.51,35.31,31.01,0.59,-2.29,6.23,1.04,5.77,7.96
2015,245,24,20.31,23.96,52.00,35.38,31.02,0.41,-2.10,5.73,1.44,5.76,7.61
2015,246,24,16.50,27.38,44.56,34.74,30.74,0.41,-1.22,5.37,0.14,5.63,6.82
2015,247,24,6.21,19.56,54.51,32.50,29.35,0.37,1.62,2.72,-1.08,5.22,3.17
2015,248,24,23.54,24.25,49.72,33.43,28.80,0.24,-3.45,4.80,1.96,5.37,8.50
2015,249,24,22.05,27.13,44.52,34.61,29.02,0.27,-2.81,4.17,1.96,5.56,8.26
2015,250,24,19.96,27.96,44.92,35.23,28.99,0.28,-2.90,3.85,1.33,5.65,8.46
2015,251,24,12.46,16.62,64.23,33.63,28.93,0.34,-3.03,3.27,0.11,5.35,9.12
2015,252,24,4.99,11.72,72.07,32.57,27.70,0.17,-5.11,1.61,-0.36,5.15,11.23
2015,253,24,17.85,17.03,64.15,33.92,28.30,0.22,-5.58,3.56,1.45,5.37,11.43
2015,254,24,19.44,20.78,55.91,34.11,29.11,0.27,-8.89,3.66,1.56,5.39,14.72
2015,255,24,22.55,19.64,59.76,33.46,29.71,-5416.00,-12.82,5.23,2.37,5.26,18.08
2015,256,24,23.45,17.03,64.54,31.49,30.17,-9999.00,-6.30,5.02,1.60,4.90,11.38
2015,257,24,23.63,15.31,66.79,31.37,30.40,-9999.00,-9.94,4.55,1.98,4.86,14.80
2015,258,24,23.70,14.87,67.80,31.30,30.07,-9999.00,-10.67,4.48,1.78,4.84,15.78
2015,259,24,23.48,14.63,67.51,30.65,30.38,-9999.00,-2.74,4.43,2.05,4.71,8.63
2015,260,24,23.23,24.17,49.74,31.45,30.53,-1666.27,-2.44,5.23,1.79,4.84,7.36
2015,261,24,23.07,27.37,44.40,32.09,30.84,0.30,-2.22,5.19,1.74,4.93,7.23
2015,262,24,20.35,23.12,50.59,31.60,30.75,0.41,-3.30,5.68,1.83,4.83,8.13
2015,263,24,5.43,14.99,64.04,30.01,29.03,0.46,-0.17,2.42,-1.48,4.55,5.76
2015,264,24,11.71,9.77,74.65,29.20,24.60,0.48,-2.47,3.27,-1.75,4.40,7.96
2015,265,24,22.28,17.18,59.73,29.83,26.69,0.26,-2.81,3.86,2.54,4.49,7.27
2015,266,24,23.01,20.52,54.05,30.20,26.98,0.31,-2.75,3.80,1.84,4.54,7.40
2015,267,24,23.04,19.71,56.34,30.42,27.34,0.23,-2.84,3.48,1.87,4.56,7.20
2015,268,24,22.31,21.75,54.77,31.35,27.99,0.24,-2.00,3.88,1.55,4.70,6.20
2015,269,24,21.75,22.02,54.37,31.86,28.86,0.23,-1.84,4.25,1.55,4.77,6.62
2015,270,24,22.03,21.36,54.53,31.62,29.28,0.23,-0.03,4.53,1.55,4.71,4.69
2015,271,24,22.02,21.32,54.48,31.34,29.42,0.23,0.38,4.48,1.47,4.65,4.17
2015,272,24,21.87,25.38,46.65,31.12,29.42,0.20,-0.80,4.17,1.48,4.61,5.37
2015,273,24,22.19,27.92,39.14,30.71,29.51,0.23,-1.03,5.02,1.21,4.53,5.61
2015,274,24,21.65,20.23,54.77,31.07,29.56,0.37,-1.07,4.24,1.51,4.56,5.58
2015,275,24,19.30,20.24,55.72,31.01,29.84,0.29,-0.51,4.37,1.44,4.65,5.06
2015,276,24,21.48,20.96,52.77,30.44,29.49,0.47,1.09,5.59,1.43,4.88,3.67
2015,277,24,21.16,25.31,38.76,29.46,28.53,0.55,-1.36,5.87,0.51,4.83,6.26
2015,278,24,18.67,25.40,33.44,28.13,26.93,0.39,-2.68,3.82,0.69,4.63,7.32
2015,279,24,18.53,23.69,33.20,26.79,25.71,0.27,-3.46,2.71,1.46,4.44,7.94
2015,280,24,19.02,24.13,30.17,26.21,24.45,0.34,-3.97,2.79,1.13,4.38,8.32
2015,281,24,20.94,25.99,30.57,27.50,24.46,0.33,-3.95,2.94,1.28,4.65,8.58
2015,282,24,20.45,26.60,31.06,28.04,24.98,0.28,-2.51,3.28,1.01,4.78,7.31
2015,283,24,16.24,26.20,35.41,29.13,25.55,0.25,-2.55,3.31,0.52,5.02,7.52
2015,284,24,11.43,17.17,56.61,28.73,26.39,-5832.69,-0.03,2.25,0.83,4.98,4.85
2015,285,24,19.56,15.74,62.90,29.31,26.96,-9999.00,-1.38,3.53,1.65,5.14,6.14
2015,286,24,19.56,13.21,67.78,28.55,27.31,-9999.00,-2.77,3.48,1.88,5.04,7.65
2015,287,24,17.37,18.24,58.07,29.87,27.64,-2499.45,-0.28,3.07,1.19,5.33,5.89
2015,288,24,17.69,23.92,46.95,30.74,28.09,0.25,0.30,3.70,1.20,5.54,5.01
2015,289,24,12.03,22.06,47.36,29.66,28.01,0.22,-0.05,3.04,0.18,5.37,5.26
2015,290,24,18.22,19.17,52.81,29.02,28.13,0.22,-0.53,3.14,1.72,5.29,5.78
2015,291,24,14.27,17.91,52.35,27.78,27.92,0.22,-3.12,3.16,1.24,5.09,8.20
2015,292,24,19.44,22.48,36.54,26.64,27.09,0.24,-4.10,3.24,1.96,4.90,9.01
2015,293,24,18.46,22.90,30.89,25.27,26.08,0.34,-4.19,3.48,1.36,4.68,8.87
2015,294,24,19.39,17.97,40.65,23.67,24.88,0.26,-4.50,2.65,2.04,4.41,8.91
2015,295,24,19.32,21.62,33.46,24.88,23.87,0.32,-3.56,2.49,1.26,4.65,8.29
2015,296,24,19.34,23.88,31.81,26.07,23.20,0.47,-2.89,2.84,0.22,4.58,7.57
2015,297,24,19.22,25.00,32.27,27.10,23.25,0.34,-3.54,2.82,0.42,4.53,8.38
2015,298,24,18.21,18.93,47.39,26.55,23.99,0.19,-3.55,2.79,1.17,4.26,7.99
2015,299,24,18.31,17.34,48.32,25.62,24.49,0.25,-3.92,2.85,1.42,3.94,7.95
2015,300,24,18.25,17.83,47.91,25.78,24.76,0.24,-3.09,2.90,1.32,3.80,6.92
2015,301,24,18.00,21.07,41.21,26.60,25.16,0.21,-2.73,3.55,0.97,3.75,6.58
2015,302,24,18.13,22.75,32.89,25.85,25.42,0.33,-1.47,3.99,0.89,3.47,4.73
2015,303,24,17.97,16.92,47.12,23.22,24.78,0.45,-6.33,4.31,0.53,3.04,7.95
2015,304,24,18.43,22.67,26.13,23.91,23.93,0.33,-2.19,2.87,0.58,3.42,5.57
2015,305,24,18.06,20.33,32.49,23.76,23.58,0.22,-2.13,2.38,1.63,3.69,5.92
2015,306,24,18.14,20.32,35.82,24.45,23.25,0.38,-1.65,3.08,0.27,3.90,5.58
2015,307,24,17.64,21.25,37.05,26.01,23.54,0.42,-0.91,2.94,0.52,4.18,4.74
2015,308,24,17.79,21.57,21.13,22.50,22.89,0.34,-2.94,2.55,1.34,3.63,6.48
2015,309,24,17.04,20.45,19.75,21.11,20.82,0.41,-2.09,2.10,0.97,3.38,5.42
2015,310,24,18.08,19.71,15.33,19.59,19.25,0.42,-1.81,1.72,1.07,3.11,4.95
2015,311,24,17.84,16.84,28.25,19.88,18.67,-4999.35,-4.31,2.04,1.51,3.11,8.29
2015,312,24,17.49,13.82,45.51,20.22,18.65,-9999.00,-3.78,2.29,1.54,3.12,7.17
2015,313,24,16.74,11.28,55.98,20.42,19.10,-9999.00,-2.47,2.29,1.21,3.10,5.64
2015,314,24,13.80,9.74,60.04,19.90,19.82,-9999.00,-1.88,2.36,0.68,3.05,6.41
2015,315,24,17.86,19.64,15.54,19.49,19.24,-1457.69,-2.47,2.79,0.14,3.31,5.73
2015,316,24,17.57,17.35,17.23,17.68,18.23,0.37,-1.20,2.04,1.26,3.35,4.77
2015,317,24,13.58,19.13,17.85,19.71,18.13,0.30,-1.63,1.70,0.43,3.94,5.65
2015,318,24,7.87,14.83,38.18,19.81,18.57,0.25,1.10,2.00,-0.19,4.12,3.65
2015,319,24,8.01,8.39,69.19,21.10,19.37,0.28,0.33,1.62,-0.32,4.54,5.49
2015,320,24,10.42,15.02,30.04,18.61,19.42,0.44,-1.95,2.42,-0.34,4.18,6.39
2015,321,24,16.91,16.71,10.75,16.24,17.31,0.43,-1.98,2.37,0.70,3.72,5.91
2015,322,24,16.76,18.04,16.39,17.67,16.17,0.42,-0.82,1.82,0.65,3.86,4.92
2015,323,24,16.60,18.89,18.48,19.52,16.40,0.34,-1.16,1.25,1.28,4.04,5.40
2015,324,24,15.95,16.43,32.59,20.23,16.90,0.23,-1.74,1.34,1.79,4.00,5.95
2015,325,24,15.60,14.91,42.30,21.04,17.35,0.23,-1.97,1.41,1.41,3.96,6.34
2015,326,24,13.37,13.81,47.61,20.99,18.19,0.25,-2.87,1.85,0.59,3.76,6.79
2015,327,24,13.70,16.81,32.88,20.96,18.76,0.20,-2.65,1.36,0.86,3.57,6.21
2015,328,24,15.67,18.48,25.35,20.55,18.58,0.19,-1.78,2.28,1.23,3.32,5.12
2015,329,24,9.63,19.34,30.48,22.72,19.16,0.24,-1.34,2.37,-0.06,3.45,4.72
2015,330,24,13.49,17.36,30.04,20.92,19.96,0.36,-3.32,2.36,0.53,3.00,6.32
2015,331,24,16.56,17.12,15.47,17.29,19.03,0.29,-3.19,2.31,1.09,2.38,5.76
2015,332,24,15.35,16.88,11.45,16.27,18.11,0.38,-2.38,2.30,0.36,2.33,4.81
2015,333,24,15.66,16.73,11.70,16.29,17.42,0.40,-2.12,1.98,0.48,2.43,4.64
2015,334,24,9.37,13.91,21.68,15.30,16.40,0.38,-2.07,1.53,-0.27,2.36,4.56
2015,335,24,15.07,15.57,16.36,16.05,15.54,0.50,-1.62,1.58,0.50,2.50,4.25
2015,336,24,15.74,15.92,18.79,16.79,14.79,0.42,-1.51,1.16,1.11,2.59,4.22
2015,337,24,15.38,16.32,19.90,17.50,14.38,0.25,-1.15,0.87,1.61,2.66,4.03
2015,338,24,14.95,14.73,28.60,17.20,14.46,0.17,-0.65,1.03,1.83,2.60,3.46
2015,339,24,14.09,11.73,38.15,17.23,14.46,-6041.00,-2.27,1.39,1.59,2.57,5.01
2015,340,24,14.72,9.43,57.97,18.78,15.02,-9999.00,-1.92,1.79,1.15,2.74,4.95
2015,341,24,14.79,8.26,63.89,18.95,15.98,-9999.00,-1.90,1.83,1.28,2.73,4.92
2015,342,24,14.60,7.38,67.17,17.92,16.34,-9999.00,-1.60,1.59,1.04,2.57,5.09
2015,343,24,14.58,7.18,68.66,18.28,16.52,-9999.00,-1.38,1.58,1.26,2.59,5.25
2015,344,24,14.63,16.00,35.74,19.60,16.87,-1458.03,-1.51,1.21,1.05,2.74,5.05
2015,345,24,14.49,17.54,30.66,21.21,17.39,0.39,-1.40,2.20,0.14,2.91,4.43
2015,346,24,12.18,12.24,35.68,16.20,17.43,0.38,-2.66,2.49,0.37,2.24,6.48
2015,347,24,14.68,15.03,15.16,15.18,16.17,0.21,-2.22,1.62,1.51,2.11,4.65
2015,348,24,11.49,13.88,29.63,17.14,16.21,0.38,-1.67,1.98,0.34,2.30,4.36
2015,349,24,15.00,13.90,20.74,15.04,15.99,0.36,-1.76,1.89,0.51,2.03,4.30
2015,350,24,15.30,11.42,25.52,12.92,14.32,0.47,-1.57,1.73,0.35,1.79,3.58
2015,351,24,15.14,12.24,22.57,13.19,13.23,0.41,-0.98,1.37,0.64,1.80,3.12
2015,352,24,14.93,13.91,22.65,15.32,12.91,0.32,-0.95,1.06,1.48,1.99,3.33
2015,353,24,4.36,12.60,28.04,15.30,13.16,0.17,-0.20,0.31,-0.06,1.97,2.33
2015,354,24,12.22,11.40,42.98,16.65,13.88,0.26,-2.62,1.06,1.08,2.09,5.78
2015,355,24,14.34,14.20,23.22,15.80,14.27,0.31,-1.29,1.14,1.20,1.98,3.33
2015,356,24,8.91,13.33,28.01,16.28,14.59,0.22,-1.91,0.77,0.36,1.99,4.03
2015,357,24,14.04,13.82,37.71,19.07,15.47,0.33,-1.88,1.09,1.00,2.26,4.19
2015,358,24,14.46,13.48,35.46,17.93,16.03,0.18,-2.45,1.32,1.65,2.11,4.61
2015,359,24,7.57,13.65,29.99,17.04,16.23,0.22,-2.13,1.04,-0.18,1.99,4.15
2015,360,24,15.29,12.33,21.52,14.22,15.40,0.70,-2.03,1.24,-0.05,1.70,3.74
2015,361,24,15.05,10.47,24.87,12.14,13.45,0.35,-1.53,1.08,0.79,1.61,3.10
2015,362,24,14.75,12.14,24.37,13.50,13.28,0.21,-1.42,0.98,1.80,1.83,3.17
2015,363,24,13.38,13.91,17.88,14.28,13.52,0.37,-0.20,1.25,0.84,1.98,2.15
2015,364,24,14.37,12.34,28.07,13.03,12.85,0.33,-0.89,1.01,1.09,1.95,2.83
2015,365,24,11.75,14.12,16.53,14.58,12.98,-207.87,-0.62,1.07,0.76,2.16,2.78
